INSERT INTO category (id, name)
VALUES (1, 'Agile'),
       (2, 'Software Architecture'),
       (3, 'Data Engineering'),
       (4, 'Coding Practices'),
       (5, 'Refactoring'),
       (6, 'Kubernetes'),
       (7, 'Machine Learning'),
       (8, 'Test-Driven Development'),
       (9, 'Java'),
       (10, 'Go'),
       (11, 'Python');

SET @now = CURRENT_TIMESTAMP;

INSERT INTO book (id, author, title, status, category_id, created_at, updated_at)
VALUES (1, 'Martin Kleppmann', 'Designing Data-Intensive Applications', 'AVAILABLE', 3, @now, @now),
       (2, 'Aurélien Géron', 'Hands-On Machine Learning with Scikit-Learn, Keras, and TensorFlow', 'AVAILABLE', 7, @now, @now),
       (3, 'Robert C. Martin', 'Clean Code', 'AVAILABLE', 1, @now, @now),
       (4, 'Martin Fowler', 'Refactoring', 'AVAILABLE', 5, @now, @now),
       (5, 'Joshua Bloch', 'Effective Java', 'AVAILABLE', 9, @now, @now),
       (6, 'Marko Luksa', 'Kubernetes in Action', 'AVAILABLE', 6, @now, @now),
       (7, 'Kent Beck', 'Test-Driven Development', 'AVAILABLE', 8, @now, @now),
       (8, 'Adam Freeman', 'Pro Go', 'AVAILABLE', 10, @now, @now),
       (9, 'Jeff Friesen', 'Learn Java Fundamentals', 'AVAILABLE', 9, @now, @now),
       (10, 'Laurentiu Spilca', 'Troubleshooting Java', 'AVAILABLE', 9, @now, @now),
       (11, 'Joshua Kerievsky', 'Refactoring to Patterns', 'AVAILABLE', 5, @now, @now),
       (12, 'Christian Clausen', 'Five Lines of Code', 'AVAILABLE', 5, @now, @now),
       (13, 'Luciano Ramalho', 'Fluent Python', 'AVAILABLE', 11, @now, @now),
       (14, 'Eric Matthes', 'Python Crash Course', 'AVAILABLE', 11, @now, @now),
       (15, 'Teiva Harsanyi', '100 Go Mistakes and How to Avoid Them', 'AVAILABLE', 10, @now, @now),
       (16, 'Katherine Cox-Buday', 'Concurrency in Go', 'AVAILABLE', 10, @now, @now);


INSERT INTO user (id, email, password, name, created_at, updated_at)
VALUES (1, 'admin@example.com', '<admin-password>', 'Admin', @now, @now),
       (2, 'user1@example.com', '<user-password>', 'User1', @now, @now),
       (3, 'user2@example.com', '<user-password>', 'User2', @now, @now),
       (4, 'user3@example.com', '<user-password>', 'User3', @now, @now),
       (5, 'user4@example.com', '<user-password>', 'User4', @now, @now),
       (6, 'user5@example.com', '<user-password>', 'User5', @now, @now),
       (7, 'user6@example.com', '<user-password>', 'User6', @now, @now),
       (8, 'user7@example.com', '<user-password>', 'User7', @now, @now),
       (9, 'user8@example.com', '<user-password>', 'User8', @now, @now),
       (10, 'user9@example.com', '<user-password>', 'User9', @now, @now),
       (11, 'user10@example.com', '<user-password>', 'User10', @now, @now),
       (12, 'user11@example.com', '<user-password>', 'User11', @now, @now),
       (13, 'user12@example.com', '<user-password>', 'User12', @now, @now),
       (14, 'user13@example.com', '<user-password>', 'User13', @now, @now),
       (15, 'user14@example.com', '<user-password>', 'User14', @now, @now),
       (16, 'user15@example.com', '<user-password>', 'User15', @now, @now),
       (17, 'user16@example.com', '<user-password>', 'User16', @now, @now),
       (18, 'user17@example.com', '<user-password>', 'User17', @now, @now),
       (19, 'user18@example.com', '<user-password>', 'User18', @now, @now),
       (20, 'user19@example.com', '<user-password>', 'User19', @now, @now),
       (21, 'user20@example.com', '<user-password>', 'User20', @now, @now),
       (22, 'user21@example.com', '<user-password>', 'User21', @now, @now),
       (23, 'user22@example.com', '<user-password>', 'User22', @now, @now),
       (24, 'user23@example.com', '<user-password>', 'User23', @now, @now),
       (25, 'user24@example.com', '<user-password>', 'User24', @now, @now),
       (26, 'user25@example.com', '<user-password>', 'User25', @now, @now),
       (27, 'user26@example.com', '<user-password>', 'User26', @now, @now),
       (28, 'user27@example.com', '<user-password>', 'User27', @now, @now),
       (29, 'user28@example.com', '<user-password>', 'User28', @now, @now),
       (30, 'user29@example.com', '<user-password>', 'User29', @now, @now),
       (31, 'user30@example.com', '<user-password>', 'User30', @now, @now),
       (32, 'user31@example.com', '<user-password>', 'User31', @now, @now),
       (33, 'user32@example.com', '<user-password>', 'User32', @now, @now),
       (34, 'user33@example.com', '<user-password>', 'User33', @now, @now),
       (35, 'user34@example.com', '<user-password>', 'User34', @now, @now),
       (36, 'user35@example.com', '<user-password>', 'User35', @now, @now),
       (37, 'user36@example.com', '<user-password>', 'User36', @now, @now),
       (38, 'user37@example.com', '<user-password>', 'User37', @now, @now),
       (39, 'user38@example.com', '<user-password>', 'User38', @now, @now),
       (40, 'user39@example.com', '<user-password>', 'User39', @now, @now),
       (41, 'user40@example.com', '<user-password>', 'User40', @now, @now),
       (42, 'user41@example.com', '<user-password>', 'User41', @now, @now),
       (43, 'user42@example.com', '<user-password>', 'User42', @now, @now),
       (44, 'user43@example.com', '<user-password>', 'User43', @now, @now),
       (45, 'user44@example.com', '<user-password>', 'User44', @now, @now),
       (46, 'user45@example.com', '<user-password>', 'User45', @now, @now),
       (47, 'user46@example.com', '<user-password>', 'User46', @now, @now),
       (48, 'user47@example.com', '<user-password>', 'User47', @now, @now),
       (49, 'user48@example.com', '<user-password>', 'User48', @now, @now),
       (50, 'user49@example.com', '<user-password>', 'User49', @now, @now),
       (51, 'user50@example.com', '<user-password>', 'User50', @now, @now);

INSERT INTO user_role (id, user_id, authority)
VALUES (1, 1, 'ROLE_ADMIN'),
       (2, 2, 'ROLE_BOOK_READ'),
       (3, 2, 'ROLE_RENTAL_READ_OWNER'),
       (4, 2, 'ROLE_RENTAL_REQUEST'),
       (5, 3, 'ROLE_BOOK_READ'),
       (6, 3, 'ROLE_RENTAL_READ_OWNER'),
       (7, 3, 'ROLE_RENTAL_REQUEST'),
       (8, 4, 'ROLE_BOOK_READ'),
       (9, 4, 'ROLE_RENTAL_READ_OWNER'),
       (10, 4, 'ROLE_RENTAL_REQUEST'),
       (11, 5, 'ROLE_BOOK_READ'),
       (12, 5, 'ROLE_RENTAL_READ_OWNER'),
       (13, 5, 'ROLE_RENTAL_REQUEST'),
       (14, 6, 'ROLE_BOOK_READ'),
       (15, 6, 'ROLE_RENTAL_READ_OWNER'),
       (16, 6, 'ROLE_RENTAL_REQUEST'),
       (17, 7, 'ROLE_BOOK_READ'),
       (18, 7, 'ROLE_RENTAL_READ_OWNER'),
       (19, 7, 'ROLE_RENTAL_REQUEST'),
       (20, 8, 'ROLE_BOOK_READ'),
       (21, 8, 'ROLE_RENTAL_READ_OWNER'),
       (22, 8, 'ROLE_RENTAL_REQUEST'),
       (23, 9, 'ROLE_BOOK_READ'),
       (24, 9, 'ROLE_RENTAL_READ_OWNER'),
       (25, 9, 'ROLE_RENTAL_REQUEST'),
       (26, 10, 'ROLE_BOOK_READ'),
       (27, 10, 'ROLE_RENTAL_READ_OWNER'),
       (28, 10, 'ROLE_RENTAL_REQUEST'),
       (29, 11, 'ROLE_BOOK_READ'),
       (30, 11, 'ROLE_RENTAL_READ_OWNER'),
       (31, 11, 'ROLE_RENTAL_REQUEST'),
       (32, 12, 'ROLE_BOOK_READ'),
       (33, 12, 'ROLE_RENTAL_READ_OWNER'),
       (34, 12, 'ROLE_RENTAL_REQUEST'),
       (35, 13, 'ROLE_BOOK_READ'),
       (36, 13, 'ROLE_RENTAL_READ_OWNER'),
       (37, 13, 'ROLE_RENTAL_REQUEST'),
       (38, 14, 'ROLE_BOOK_READ'),
       (39, 14, 'ROLE_RENTAL_READ_OWNER'),
       (40, 14, 'ROLE_RENTAL_REQUEST'),
       (41, 15, 'ROLE_BOOK_READ'),
       (42, 15, 'ROLE_RENTAL_READ_OWNER'),
       (43, 15, 'ROLE_RENTAL_REQUEST'),
       (44, 16, 'ROLE_BOOK_READ'),
       (45, 16, 'ROLE_RENTAL_READ_OWNER'),
       (46, 16, 'ROLE_RENTAL_REQUEST'),
       (47, 17, 'ROLE_BOOK_READ'),
       (48, 17, 'ROLE_RENTAL_READ_OWNER'),
       (49, 17, 'ROLE_RENTAL_REQUEST'),
       (50, 18, 'ROLE_BOOK_READ'),
       (51, 18, 'ROLE_RENTAL_READ_OWNER'),
       (52, 18, 'ROLE_RENTAL_REQUEST'),
       (53, 19, 'ROLE_BOOK_READ'),
       (54, 19, 'ROLE_RENTAL_READ_OWNER'),
       (55, 19, 'ROLE_RENTAL_REQUEST'),
       (56, 20, 'ROLE_BOOK_READ'),
       (57, 20, 'ROLE_RENTAL_READ_OWNER'),
       (58, 20, 'ROLE_RENTAL_REQUEST'),
       (59, 21, 'ROLE_BOOK_READ'),
       (60, 21, 'ROLE_RENTAL_READ_OWNER'),
       (61, 21, 'ROLE_RENTAL_REQUEST'),
       (62, 22, 'ROLE_BOOK_READ'),
       (63, 22, 'ROLE_RENTAL_READ_OWNER'),
       (64, 22, 'ROLE_RENTAL_REQUEST'),
       (65, 23, 'ROLE_BOOK_READ'),
       (66, 23, 'ROLE_RENTAL_READ_OWNER'),
       (67, 23, 'ROLE_RENTAL_REQUEST'),
       (68, 24, 'ROLE_BOOK_READ'),
       (69, 24, 'ROLE_RENTAL_READ_OWNER'),
       (70, 24, 'ROLE_RENTAL_REQUEST'),
       (71, 25, 'ROLE_BOOK_READ'),
       (72, 25, 'ROLE_RENTAL_READ_OWNER'),
       (73, 25, 'ROLE_RENTAL_REQUEST'),
       (74, 26, 'ROLE_BOOK_READ'),
       (75, 26, 'ROLE_RENTAL_READ_OWNER'),
       (76, 26, 'ROLE_RENTAL_REQUEST'),
       (77, 27, 'ROLE_BOOK_READ'),
       (78, 27, 'ROLE_RENTAL_READ_OWNER'),
       (79, 27, 'ROLE_RENTAL_REQUEST'),
       (80, 28, 'ROLE_BOOK_READ'),
       (81, 28, 'ROLE_RENTAL_READ_OWNER'),
       (82, 28, 'ROLE_RENTAL_REQUEST'),
       (83, 29, 'ROLE_BOOK_READ'),
       (84, 29, 'ROLE_RENTAL_READ_OWNER'),
       (85, 29, 'ROLE_RENTAL_REQUEST'),
       (86, 30, 'ROLE_BOOK_READ'),
       (87, 30, 'ROLE_RENTAL_READ_OWNER'),
       (88, 30, 'ROLE_RENTAL_REQUEST'),
       (89, 31, 'ROLE_BOOK_READ'),
       (90, 31, 'ROLE_RENTAL_READ_OWNER'),
       (91, 31, 'ROLE_RENTAL_REQUEST'),
       (92, 32, 'ROLE_BOOK_READ'),
       (93, 32, 'ROLE_RENTAL_READ_OWNER'),
       (94, 32, 'ROLE_RENTAL_REQUEST'),
       (95, 33, 'ROLE_BOOK_READ'),
       (96, 33, 'ROLE_RENTAL_READ_OWNER'),
       (97, 33, 'ROLE_RENTAL_REQUEST'),
       (98, 34, 'ROLE_BOOK_READ'),
       (99, 34, 'ROLE_RENTAL_READ_OWNER'),
       (100, 34, 'ROLE_RENTAL_REQUEST'),
       (101, 35, 'ROLE_BOOK_READ'),
       (102, 35, 'ROLE_RENTAL_READ_OWNER'),
       (103, 35, 'ROLE_RENTAL_REQUEST'),
       (104, 36, 'ROLE_BOOK_READ'),
       (105, 36, 'ROLE_RENTAL_READ_OWNER'),
       (106, 36, 'ROLE_RENTAL_REQUEST'),
       (107, 37, 'ROLE_BOOK_READ'),
       (108, 37, 'ROLE_RENTAL_READ_OWNER'),
       (109, 37, 'ROLE_RENTAL_REQUEST'),
       (110, 38, 'ROLE_BOOK_READ'),
       (111, 38, 'ROLE_RENTAL_READ_OWNER'),
       (112, 38, 'ROLE_RENTAL_REQUEST'),
       (113, 39, 'ROLE_BOOK_READ'),
       (114, 39, 'ROLE_RENTAL_READ_OWNER'),
       (115, 39, 'ROLE_RENTAL_REQUEST'),
       (116, 40, 'ROLE_BOOK_READ'),
       (117, 40, 'ROLE_RENTAL_READ_OWNER'),
       (118, 40, 'ROLE_RENTAL_REQUEST'),
       (119, 41, 'ROLE_BOOK_READ'),
       (120, 41, 'ROLE_RENTAL_READ_OWNER'),
       (121, 41, 'ROLE_RENTAL_REQUEST'),
       (122, 42, 'ROLE_BOOK_READ'),
       (123, 42, 'ROLE_RENTAL_READ_OWNER'),
       (124, 42, 'ROLE_RENTAL_REQUEST'),
       (125, 43, 'ROLE_BOOK_READ'),
       (126, 43, 'ROLE_RENTAL_READ_OWNER'),
       (127, 43, 'ROLE_RENTAL_REQUEST'),
       (128, 44, 'ROLE_BOOK_READ'),
       (129, 44, 'ROLE_RENTAL_READ_OWNER'),
       (130, 44, 'ROLE_RENTAL_REQUEST'),
       (131, 45, 'ROLE_BOOK_READ'),
       (132, 45, 'ROLE_RENTAL_READ_OWNER'),
       (133, 45, 'ROLE_RENTAL_REQUEST'),
       (134, 46, 'ROLE_BOOK_READ'),
       (135, 46, 'ROLE_RENTAL_READ_OWNER'),
       (136, 46, 'ROLE_RENTAL_REQUEST'),
       (137, 47, 'ROLE_BOOK_READ'),
       (138, 47, 'ROLE_RENTAL_READ_OWNER'),
       (139, 47, 'ROLE_RENTAL_REQUEST'),
       (140, 48, 'ROLE_BOOK_READ'),
       (141, 48, 'ROLE_RENTAL_READ_OWNER'),
       (142, 48, 'ROLE_RENTAL_REQUEST'),
       (143, 49, 'ROLE_BOOK_READ'),
       (144, 49, 'ROLE_RENTAL_READ_OWNER'),
       (145, 49, 'ROLE_RENTAL_REQUEST'),
       (146, 50, 'ROLE_BOOK_READ'),
       (147, 50, 'ROLE_RENTAL_READ_OWNER'),
       (148, 50, 'ROLE_RENTAL_REQUEST'),
       (149, 51, 'ROLE_BOOK_READ'),
       (150, 51, 'ROLE_RENTAL_READ_OWNER'),
       (151, 51, 'ROLE_RENTAL_REQUEST');
